uid	sex	bdate	city	langs
103091894	male	19.2	Петровск-Забайкальский	
223923738	male	27.11	Чита	
76674159	female	30.6	Пятигорск	
62309235	female	15.6	Красноярск	
29802162	female	21.5.1997	Иркутск	
34589359	female	26.10.1994	Новосибирск	
56556171	female		Улан-Удэ	
37707690	female	15.5	Новосибирск	
150559310	male		Белгород	Русский,汉语
84591777	female	22.4	Чита	Русский,English
174963135	male	6.2	Чита	
51353199	male	24.4	Мелеуз	
64311543	male	4.11.1995	Петровск-Забайкальский	
19371549	female	20.11	Псков	
202142701	male	15.2.1901	New York City	English,Русский
101894569	male	2.3.1966	Забайкальск	
58526137	male	5.1.1985	Чита	
29261943	male	15.11	Чита	
93382703	female	12.9	Краснодар	
107896885	male	7.1	Чита	
71948304	male	20.9	Ангарск	
54544594	female		Чита	
52790718	female	16.9	Забайкальск	
55910222	female	17.2.1993	Улан-Удэ	
44675754	female	11.9	Чита	
44350717	female	3.4.1993	Екатеринбург	
160862849	female	15.2.1994	Улан-Удэ	
103075081	female	29.8.1992	Улан-Удэ	
102738854	female	12.10.1994	Петровск-Забайкальский	
100297701	female	25.12.1989	Новокузнецк	
97950948	male	2.5	Иркутск	
38750920	male	22.3.1998	Забайкальск	
20002259	female	2.12	Москва	
12029310	female	25.3.1993	Иркутск	
154895354	female	14.6.1989	Улан-Удэ	
153472936	female	16.7.1984	Агидель	
144724639	female	29.1.1996	Новосибирск	
143658000	male	1.6.1998	Новосибирск	
130482721	female	28.7	Улан-Удэ	
119525916	male	11.8	Чита	
68311266	female	4.12.1990	Санкт-Петербург	
67231465	female		Чита	
60955243	female	19.1	Иркутск	
48524085	male	3.5	Иркутск	
41124492	male	8.1	Чита	
25356374	female	22.6	Краснодар	
21500509	female	4.1	Нижняя Салда	
11386130	female	14.2	Чита	
337025674	female	19.2	Чита	
234978391	male	10.4.1998	Новороссийск	Русский,English
224594132	female	2.11.1999	Петровск-Забайкальский	
188988406	female	13.2	Чита	
186584759	female	18.3	Петровск-Забайкальский	
179968876	female	9.1	Забайкальск	
172484401	male	6.2	Хабаровск	
139121561	male	8.9.1997	Дульдурга	
137367786	female	9.10.1992	Первомайский	
135971948	male	22.10	Петровск-Забайкальский	
132344280	male	11.6	Чита	
119955717	female	2.8	Брянск	
118170372	male	22.7.1996	Забайкальск	
113386865	male	30.12	Чита	
99144467	female	2.8.1995	Улан-Удэ	Русский,English,Буряад
91413514	male	29.8.1990	Петровск-Забайкальский	
78782303	female	14.1	Пенза	
64305664	female	6.7	Санкт-Петербург	
31107493	female	21.5	Чита	
9903131	male	12.9	Чита	
9079485	female	25.5.1988	Harbin	
7502636	female	21.12	Дзержинск	
6917530	male	6.5	Чита	
243178535	female	8.5.2000	Краснокаменск	
190238873	male	26.2	Новая Чара	
185601006	female		Забайкальск	
169411907	female	27.6.2000	Чита	Русский,English
161022568	female	7.12	Забайкальск	
151035778	female	3.3	Владивосток	
147871419	female	9.6.1993	Забайкальск	
147216149	female	27.2	Чита	Русский,English
144617563	female	16.8	Улан-Удэ	
144226430	female	18.6	Чита	
137671400	female	23.6	Budapest	
126704386	female	25.5	Новосибирск	
123434346	female	9.12.1992	Забайкальск	
123293429	male	20.8.1996	Улан-Удэ	
113905361	male		Улан-Удэ	Русский,Буряад,English,汉语,中文 (繁體)
112760170	male	21.10	Забайкальск	
104887811	female	3.3.1995	Забайкальск	
102956299	female	21.12.1993	Томск	
100554868	female	13.1	Нижний Тагил	
93115672	female	20.1.1996	Забайкальск	
89795764	female	5.10.1990	Петровск-Забайкальский	
82255432	female	20.2	Иркутск	
80631602	female	12.6.1993	Сосновоборск	
79088083	male	9.1.1997	Забайкальск	
68442953	female	29.4.1988	Красноярск	
65626758	female	11.2.1994	Средний	
62456499	female	31.1.1994	Забайкальск	
59212724	female	30.10.1995	Петровск-Забайкальский	
56201119	male	9.7	Чита	
56061052	female	8.6.1995	Иркутск	
65371052	female	6.5.1994	Петровск-Забайкальский	
54591741	female	31.10.1992	Чита	
51064368	male	23.9	Забайкальск	
50199383	female	4.6.1993	Иркутск	
44104431	female	27.11.1992	Улан-Удэ	
42733562	female	9.5	Нефтегорск	
39218126	female	19.12	Новосибирск	
27895162	male	24.4	Чита	
27708968	female	11.4.1996	Забайкальск	
27663291	female	16.3	Хилок	
25264506	male	2.11.1992	Shenzhen	
21569481	female	2.6.1994	Благовещенск	
15896827	female	10.4	Санкт-Петербург	
12758721	female	13.1.1989	Улан-Удэ	
5449880	female	1.6	Jinzhou	
327675	female	25.7	Москва	
234527	male		Реутов	
279257550	female	1.6.1993	Калуга	
228334408	male	8.12.1996	Чита	
227913369	male	31.3.1999	Cincinnati	Русский,Буряад,English
217904580	male	30.6.1997	Чита	English
215254209	male	16.7.1998	Благовещенск	
213872022	female	10.8	Петровск-Забайкальский	
196611928	male	15.1.1984	Витебск	
195670080	female	16.3	Чита	Русский,English
189126312	male	11.10	Забайкальск	
184803954	male	14.6.2001	Чита	
168233129	male	5.7	Пермь	
164286767	female	7.3	Улан-Удэ	
163034743	female	15.3.1996	Кокуй	Русский,English
160571201	female	26.10.1998	Петровск-Забайкальский	
158216994	female	23.4.1999	Чита	
157149470	female	2.9.1995	Чита	
154085284	male		Чита	
152080659	female	19.10	Красноярск	
145925537	female	15.5.1998	Петровск-Забайкальский	
143883515	female	19.6	Новосибирск	
143599531	male	21.5.1999	Петровск-Забайкальский	
140508290	female	3.4.1991	Чита	
140202764	male	1.8.1996	Чита	
140067622	female	15.9	Чита	
135612694	male	11.10.1997	Комсомольск-на-Амуре	Русский,English
135114267	female	4.8	Петровск-Забайкальский	
133833432	male	7.10.1994	Чита	Русский,English
133581239	female	8.10	Борзя	
133253999	male	15.7	Челябинск	
133252246	female	19.7.1993	Ясногорск	
132045815	male		Чита	
124628937	male		Чита	
122383307	female	17.7.1998	Иркутск	
113321722	male	4.6	Кункур	
111146669	male	9.11.1995	Петровск-Забайкальский	
110063427	female	19.2	Санкт-Петербург	
108965674	female	24.8.1992	Петровск-Забайкальский	
108706123	female	7.1	Куанда	
105299716	female	20.1	Улан-Удэ	
104290118	female	22.9.1995	Чита	
101560838	male	29.5	Иркутск	
96325701	male	19.10.1997	Иркутск	
92738516	female	14.7.1994	Петровск-Забайкальский	
83282116	male	9.3.1987	Москва	
82957604	female	7.5	Санкт-Петербург	Русский,English
81231498	male	6.3	Забайкальск	Русский,Azərbaycan dili,Հայերեն
80104774	male	24.11	Ulaanbaatar	
78889859	male	5.4	Чита	
78874666	female	21.11.1993	Забайкальск	
75508733	male	3.8.1991	Чита	
71556769	female	19.7.1995	Железногорск	
69911387	male	14.12.1996	Чита	
69574307	female	22.11	Екатеринбург	
61516449	male		Забайкальск	
59727506	female	30.11	Иркутск	
55127913	female	17.1	Забайкальск	
54889133	female	13.1.1993	Чита	
52682693	male	18.7	Забайкальск	
51499245	female	4.9	Санкт-Петербург	
50468094	female	1.12.1990	Северск	
50021774	male	25.4	Иркутск	
49547288	female	19.11.1996	Чита	
103648288	female	29.4.1995	Чита	
48057741	male		Забайкальск	Русский,English,Буряад
43776144	female	12.7	Комсомольск-на-Амуре	
43042528	male		Чита	
40686415	male	18.2	Улан-Удэ	
40178351	male		Чита	
39658174	female	19.7	Забайкальск	
38256015	female	8.8	Чита	
33513557	male		Петровск-Забайкальский	
30785476	female		Петровск-Забайкальский	
30517381	female	2.1.1991	Чита	
26881924	male	4.12.1993	Чита	
26651800	female	24.5	Петровск-Забайкальский	
24239757	female	30.7.1994	Чита	
23774173	male	30.1	Чита	
20321698	female	12.11	Чита	
18498502	female	22.2.1993	Петровск-Забайкальский	
15392137	female	25.1.1989	Ижевск	
11858045	female	16.6	Агинское	
9332852	male	14.8.1990	Чита	
8345570	male	12.4.1992	Чита	
7638908	male	21.8.1986	Владимир	
3809811	female	17.6	Красноярск	
3711617	male	22.4.1984	Новочеркасск	
667322	female	29.12	Москва	
330040548	female	7.5	Верхняя Куэнга	
318324791	female	8.3	Петровск-Забайкальский	
310395872	female	1.5	Забайкальск	
305450675	female	24.3.1999	Петровск-Забайкальский	Русский,Français,English
285705432	male	5.2.1996	Краснокаменск	
280335036	female	7.4	Петровск-Забайкальский	
278167952	male	10.9.1989	Краснокаменск	
274127078	female	2.8	Истра	
273187664	female	5.3	Баляга	
260479217	female	19.3.1999	Петровск-Забайкальский	
256824705	female	31.3.2002	Петровск-Забайкальский	Русский,English,汉语
256613705	female	4.10.1994	Улан-Удэ	
255874772	male	2.2.1998	Петровск-Забайкальский	
253585737	female		Чита	Русский,English
249932761	male	14.11.2002	Новосибирск	
246268400	female	27.7.1981	Усолье-Сибирское	
245378463	female		Петровск-Забайкальский	
244699687	female	24.10	Чернышевск	
242605093	female	16.12.1995	Забайкальск	
237777999	female	2.9.2001	Иркутск	
236506322	female	20.2	Петровск-Забайкальский	Русский,English
234261171	male	9.7	Иркутск	Русский,English,Lingua Latina
228247731	female	5.11	Чита	
225927719	female	27.10.1997	Улан-Удэ	
225141085	male	18.8.1997	Хабаровск	
223163529	female	20.1.1996	Карымское	
221224715	female	19.10.1995	Чита	
220795860	female	9.4	Петровск-Забайкальский	
213035825	male	12.11	Новосибирск	
204907988	female	11.9	Петровск-Забайкальский	Русский,English
201822139	female	24.9.2001	Забайкальск	
201552049	female		Чита	
200190262	male	14.6.1901	Чита	
196642102	male	28.2.2000	Улан-Удэ	Русский,Буряад
196225618	male	13.6	Улан-Удэ	Русский,English
195309791	female	10.7.1993	Улан-Удэ	
194072977	male	7.5.2001	Петровск-Забайкальский	
192437410	male	18.9	Петровск-Забайкальский	
187165893	female	24.5.1996	Чита	
184421742	female	7.1	Улан-Удэ	
183773377	female	11.9.1995	Забайкальск	
176259712	female	19.5	Пыть-Ях	
175779816	female	1.11	Чита	
174296081	male	4.6	Петровск-Забайкальский	
172682290	female	28.4	Чита	
169697922	female	12.10	Улан-Удэ	
167013386	male	8.9.1996	Чита	
165353904	female	6.10	Чита	
165341605	male	28.11	Могойтуй	
161703475	female	1.5	Чита	
161263130	female	12.12	Волгоград	
161203016	female	27.3	Улан-Удэ	
160180208	female	8.10	Петровск-Забайкальский	
157663846	female	30.7	Забайкальск	
157466202	female	14.6	Чита	Українська,Русский,English
193634202	female	21.11	Чита	
156862602	male	14.3	Петровск-Забайкальский	
156614575	female	24.10.1994	Забайкальск	
156538684	male	21.12.1998	Петровск-Забайкальский	
153052266	male	13.8.1998	Забайкальск	
153031964	female	9.8	Новосибирск	
152857427	male	3.3	Санкт-Петербург	
152581660	female		Забайкальск	
152097184	female	16.4.1990	Петровск-Забайкальский	Русский,English
151211412	female	9.1.1995	Забайкальск	
151187236	female	13.6.1997	Атамановка	
149058272	male	29.1.1998	Петровск-Забайкальский	
148291604	female	24.2.1994	Иркутск	
147257758	male	13.7.1998	Петровск-Забайкальский	
146576328	male		Бада	
146549497	female		Петровск-Забайкальский	
145831390	female	2.4	Чита	
144222852	female	19.1	Забайкальск	
143510993	female	13.9	Снежинск	
143057052	female	3.12.1991	Чита	
142971438	male	17.5	Улан-Удэ	
142504454	female	16.9	Петровск-Забайкальский	
142487543	male	17.4	Иркутск	
140762753	female	13.8.1993	Чита	
137778021	female	16.3.1997	Иркутск	
137516271	female	30.9.1994	Чита	
136202290	female	30.9.1994	Петровск-Забайкальский	Русский,English
136051846	female	11.2.1998	Оловянная	
135923867	male	27.8.1996	Петровск-Забайкальский	
135456495	male	23.1	Смоленск	
135447784	female	3.11	Балей	
132731515	female	5.4	Чита	
125772531	female	27.9.1998	Забайкальск	
124850366	male	9.6	Чита	
120609201	male		Чита	
118646538	female	1.5.1988	Кусочи	
117864748	female	1.12.1999		
116581850	female	1.9.1994	Забайкальск	
113150031	male	6.8	Петровск-Забайкальский	
108210439	female	26.1	Челябинск	
105996662	female	9.7	Чита	
105860909	male	14.2.1990	Петровск-Забайкальский	
103596661	female	11.2.1993	Чита	
102707997	female	6.7.1997	Хабаровск	
102227888	female	26.3.1992	Чита	
101711467	male		Чернышевск	
173108467	male	2.1	Забайкальск	Русский,Буряад,English
100916929	female	20.4.1991	Агинское	
115678929	male		Екатеринбург	
100732481	female	21.1	Улан-Удэ	
100398034	male	17.4.1997	Санкт-Петербург	
98870769	female		Санкт-Петербург	
98608743	female	5.1	Белгород	
96214732	female	16.6.1995	Забайкальск	
95689622	female	6.9	Улан-Удэ	
93662528	female	3.6	Улан-Удэ	
88837051	male	21.12.1993	Петровск-Забайкальский	
87253367	female	15.4.1994	Петровск-Забайкальский	
86052820	female	28.2.1998	Забайкальск	
86048204	female	5.10	Забайкальск	
84825684	male	26.1.1998	Петровск-Забайкальский	
83872017	female	13.12.1994	Чита	
82957759	female	11.5	Петровск-Забайкальский	
80806340	male	9.11.1994	Петровск-Забайкальский	
79610146	female	11.10	Забайкальск	
78301018	male	27.2	Чита	
74136751	female	15.4	Забайкальск	
73233911	female	15.5.1991	Чита	
72204112	male	9.2	Улан-Удэ	
71297240	female	31.5	Иркутск	
68564474	female	19.1.1994	Петровск-Забайкальский	
68310688	female	9.10.1995	Чита	
66602862	female		Забайкальск	
66009602	female	22.10	Москва	
63382754	female	12.11.1989	Иркутск	
62713263	female	14.3	Чита	
61966268	male	6.1.1994	Москва	
61843894	female	17.12	Улан-Удэ	Русский,English
57261813	male	27.1	Забайкальск	
57047140	female	17.9	Томск	
57003390	female	15.8.1997	Чита	
56709629	male	30.12	Чита	
56616497	male	9.6.1998	Даурия	
55015602	female		Чита	
54904321	male	22.5	Забайкальск	English,中文 (繁體)
52502455	male	23.8	Новосибирск	
155661455	female		Петровск-Забайкальский	
51920487	female	30.10.1999	Забайкальск	
51595472	male		Красноярск	
51493617	male	16.6.1998	Забайкальск	
45984345	female		Альметьевск	
45824180	male	7.8	Петровск-Забайкальский	
44734759	male	21.1.1992	Озерск	
44609868	female	17.2	Красноярск	
44506667	male	12.12.1988	Петровск-Забайкальский	
43700460	male	5.7	Чита	
196318460	male	16.12.1996	Забайкальск	
43476001	female	30.8.1990	Забайкальск	
42574414	female	12.3.1994	Великий Новгород	
41896113	female	27.12.1991	Забайкальск	
39445299	female	20.3	Калининград	
38544625	female	25.7.1989	Улан-Удэ	
37916326	female	5.8	Балей	
37882168	female	29.10.1993	Улан-Удэ	
35919396	female	2.9.1984	Новополоцк	
33591724	male	3.10	Чита	
33406978	female	17.8	Забайкальск	
31220312	female	7.8	Архангельск	
30354083	male	19.11.1995	Петровск-Забайкальский	
116755083	male	2.4	Забайкальск	
30254834	female	25.3	Забайкальск	
29197880	female	30.11.1986	Забайкальск	
29101522	female	2.1	Забайкальск	
26545346	female	21.11.1993	Забайкальск	
25719240	female	11.3	Томск	
24166385	male	7.1	Томск	
24081721	female	27.4.1990	Иркутск	
22069502	female	2.11.1988	Прокопьевск	
21820866	female	13.6.1992	Новосибирск	
21072060	female	19.5	Улан-Удэ	
20006950	female	20.9.1993	Екатеринбург	
19087583	female	5.2.1986	Улан-Удэ	
18295032	female	3.4.1985	Запорожье	
16322141	female		Челябинск	
15839682	male	11.12.1989	Новосибирск	
15754023	male	12.3.1991	Забайкальск	
13732721	female	23.3.1988	Иркутск	
13658986	female	29.12	Москва	
13550205	male	1.9.1990	Москва	
12708763	female	4.10	Чита	
11590356	female	20.5	Иркутск	
75304356	male	6.5.1993	Чита	
10007709	female	25.3	Улан-Удэ	
9417798	female	5.1.1989	Томск	
8769773	male	4.4	Шымкент	
7616708	female	31.12.1985	Снежинск	
6436965	male		Москва	
5926192	female	24.4.1984	Новосибирск	
5761161	female	12.4.1901	Чита	
4665420	male	16.3.1992	Забайкальск	
3879982	female		Томск	
3793682	male	30.6	Новосибирск	
3737698	male	24.2.1987	Саранск	
278993227	female	4.3.2001	Erdenet	
2174068	male	11.12.1986	Новосибирск	Русский,Deutsch,English
1716518	male	16.2.1989	Тюмень	
1501738	female	9.8	Санкт-Петербург	
562764	female	12.10.1986	Санкт-Петербург	
166261822	female	25.12	Саратов	
87348979	female	13.10	Краснокаменск	
45637164	female	31.12	Иркутск	
368408249	female	27.8	Петровск-Забайкальский	
365772097	female	18.12.1997	Чита	
365770553	female	20.9	Краснокаменск	
363794579	female	24.9.2002	Нерчинский Завод	Русский,English,日本語
360479799	female	26.1.1987	Краснодар	Русский,汉语
360224243	female	1.5.2002	Чита	
359090513	male	25.7	Воронеж	
357223603	male	8.11.2002	Петровск-Забайкальский	
356261298	male	7.1.2002	Краснокаменск	
353667433	female	11.1	Забайкальск	
353423744	female	9.9.1996	Чита	
350031872	female		Заводоуковск	
349241981	male	1.11.1973	Петровск-Забайкальский	
343806708	male	2.9.1999	Петровск-Забайкальский	
343375647	female	20.4.2002	Петровск-Забайкальский	
343260418	male		Забайкальск	
341379918	female	18.6	Омск	
339958678	male	27.4	Киров	
339957925	female	13.12	Петровск-Забайкальский	
339743246	female	16.11.2001	Петровск-Забайкальский	
339328607	female	5.11	Зима	
339268320	male	3.8.1998	Петровск-Забайкальский	
338232098	female	12.4	Забайкальск	
337297554	male	2.6.1993	Казань	
336173282	female		Улан-Удэ	
334038434	female		Забайкальск	
332645098	female		Забайкальск	
332280885	male	11.2.2002	Забайкальск	
331441821	female	31.12	Петровск-Забайкальский	
328821618	female	14.2	Краснодар	
328743402	female	25.1.2001	Краснокаменск	
328242210	female	3.10	Петровск-Забайкальский	
326645255	male	6.7	Забайкальск	
326145915	male	11.11.1995	Петровск-Забайкальский	
324775861	male		Петровск-Забайкальский	
324644420	male	25.6.2000	Чита	
322961697	female	23.5	Петровск-Забайкальский	
321263388	female	10.8.1999	Чита	Русский,English
320934496	female		Петровск-Забайкальский	
323770496	male	3.7	Чита	
320487333	female	10.10	Чита	
320319106	male	18.1	Петровск-Забайкальский	
320291027	male	30.12	Краснокаменск	
319825912	male	15.12	Иркутск	
319521282	female	1.2.2002	Петровск-Забайкальский	
319313987	female	5.2	Петровск-Забайкальский	
319053393	female	6.11	Забайкальск	
319042116	male		Забайкальск	
318879768	male	27.6.1994	Забайкальск	
317924395	female	29.9	Чита	
323649230	female	21.2	Санкт-Петербург	
317513027	female	26.1.2002	Забайкальск	
317387367	male	15.3.1982	Красноярск	
317381788	male	10.7.1999	Илим	
316912504	female		Петровск-Забайкальский	
316787118	male		Новомальтинск	
316607158	female	29.4.1999	Петровск-Забайкальский	Русский,English,Lingua Latina
316479527	male	15.7	Петровск-Забайкальский	
315381091	female	17.4.1991	Чита	
315277889	male	31.8.2002	Челябинск	
315166809	male	16.7.2001	Нерчинский Завод	
314905347	female	21.9.1997	Петровск-Забайкальский	
313385200	female	6.3	Пенза	
313186555	male	24.9.1967	Могойтуй	
313135301	male		Петровск-Забайкальский	
312976662	male	3.6.1999	Петровск-Забайкальский	
311864437	female		Краснокаменск	
311648682	female	20.9.1999	Забайкальский	
311490111	female	26.2	Чита	
311240038	female	5.11.2000	Забайкальск	
310526752	female	3.2.1994	Чита	
308804308	male	7.11.1993	Забайкальск	
308753499	male	28.7.1996	Чита	
308409894	male	15.8.1998	Дунай	
307620228	male	19.11.1901	Яровое	
306983542	female	17.9	Петровск-Забайкальский	
306366532	male		Los Angeles	
314947532	male	8.2	Братск	
305799360	female	29.7	Забайкальск	
307337360	female	9.12	Москва	
305397843	female		Петровск-Забайкальский	
304922661	female		Чита	
304802030	female	2.8	Петровск-Забайкальский	
304799381	female		Петровск-Забайкальский	
303068981	male	15.9	Амазар	
302018082	female	27.1	Кяхта	
300591296	male		Чита	
299471838	male	26.7.2001	Забайкальск	
298982438	female	2.12.2002	Забайкальск	
297884709	female		Забайкальск	
297882855	female	9.5	Петровск-Забайкальский	
296770730	female	2.7.2001	Чита	Русский,English,Español,Italiano
339269730	female	7.12.1994	Забайкальск	
296656096	male	25.1	Красный Чикой	
295030966	female	30.9.1974	Москва	
294905057	female	24.5.1994	Петровск-Забайкальский	
294778358	female	9.3.1996	Петровск-Забайкальский	
293792267	male	2.2.2000	Забайкальск	
293498145	male	16.10	Москва	
293061828	male		Красноярск	
292831075	male	23.3.2002	Петровск-Забайкальский	
291744836	male	12.2.1997	Забайкальск	
290577626	female	30.3	Петровск	
290245769	male	6.12.2000	Петровск-Забайкальский	
290088883	male	5.6.1996	Чита	
287537548	female	11.8.2002	Шилка	
286377788	male	18.9	Забайкальск	
284674586	female	4.10.2002	Петровск-Забайкальский	
284186031	male	11.6.2001	Подольск	
283486935	female	21.12.2001	Чита	
283274766	female	28.3.2000	Москва	
282654604	male	30.6.1998	Новосибирск	
281777772	male	18.8.1996	Иркутск	
281637670	male	6.2	Евпатория	
280282381	female	23.6.1990	Нерчинск	
279937655	male	4.9.1997	Улан-Удэ	
279097249	female	12.5	Бузулук	
278626722	male	18.7	Петровск-Забайкальский	
301276722	male	21.4.2001	Чита	
278604670	female	14.10.1984	Забайкальск	
277767790	male	30.9.1990	Петровск-Забайкальский	
277333334	female	15.10	Забайкальск	
277012174	female	8.11	Петровск-Забайкальский	
353476174	male	5.7	Петровск-Забайкальский	
276151205	female	6.6	Петровск	
276029993	female	19.10	Чита	
274738875	male	17.6	Beijing	
274414601	male	14.6.1999	Сретенск	
274390865	female		Пенза	
274326780	female	5.5	Чита	
274040814	male	6.1.1997	Петровск-Забайкальский	
320493814	male	1.9.2000	Москва	
272641033	male	5.7.1987	Москва	
270837163	female	9.10.2001	Агинское	
270319850	male	21.5	Петровск-Забайкальский	
270318034	female	13.7	Улан-Удэ	
270086752	female	17.9	Петровск-Забайкальский	
269861392	female	15.11	Петровск-Забайкальский	
269728634	male		Петровск-Забайкальский	
269452613	male		Забайкальск	
269438817	female	26.2	Чита	
269345432	male	11.10.1989	Агинское	
268686236	female	1.5.1995	Петровск-Забайкальский	
268416507	male	5.5.1999	Агинское	
267594317	female	20.3	Петровск-Забайкальский	
266984670	male	20.11	Забайкальск	
266480191	female	11.9.1993	Петровск-Забайкальский	
266472681	male	3.7	Краснокаменск	
266324110	male		Москва	
266128631	female	19.6.2001	Петровск-Забайкальский	
264050753	male	12.1.1989	Забайкальск	
271905753	female	27.4.1997	Забайкальск	
263417365	male		Петровск-Забайкальский	
263149542	female	18.10.2001	Забайкальск	
263038742	male	11.1.2001	Чита	
294410467	male	15.6.2001	Забайкальск	Русский,English,Français,íslenska
357716938	female	26.5	Улан-Удэ	
260549906	female	17.3	Улан-Удэ	
259134683	male	16.12.1997	Краснокаменск	Русский,English
357183683	male		Артемовский	
258530866	female	23.5	Забайкальск	
258195676	female	29.9.1993	Чита	
257765216	male	13.8	Забайкальск	
257480431	female	13.7.2001	Красноярск	
256335356	female	26.8.2001	Горный	
255746715	female		Петровск-Забайкальский	
255689738	female	15.8	Петровск-Забайкальский	
254785657	female		Забайкальск	
254293962	female	26.6	Забайкальск	
253836569	female		Петровск-Забайкальский	
253828367	female	10.3.1988	Ангарск	
253654119	male	21.5.2000	Чита	
328032119	female	24.12.2002	Чита	
253652427	male	8.4	Москва	
253066181	female	29.12	Чита	
252703849	female	6.7	Петровск-Забайкальский	
251324588	male	30.5.1981	Минск	
251231719	male	17.4.1915	Самара	
250484992	female	6.8	Забайкальск	
249806048	female	5.7	Чита	
249049264	female	9.8.1999	Петровск-Забайкальский	
248604893	male	20.9.1994	Хабаровск	
248372991	female	21.5.1996	Забайкальск	
247785941	male	1.9.1997	Чита	Русский,English
247227997	female	24.8.2000	Чита	
247170777	male		Краснодар	
247000201	female		Забайкальск	
331222201	female	16.10.2002	Петровск-Забайкальский	
246346683	female	21.7.1999	Петровск-Забайкальский	
245478927	female	30.3	Рязань	
245339148	male		Петровск-Забайкальский	
245229518	male	10.5	Петровск-Забайкальский	
245100835	male		Забайкальск	
243951919	male	4.1.1979	Куанда	
243551168	female	23.2.2002	Забайкальск	
243477429	female	7.5.1989	Краснодар	
243407060	female	28.2.1999	Карымское	
243241922	female	20.4.1999	Шелопугино	
258549922	female		Петровск-Забайкальский	
243030208	female	21.1.1978	Петровск-Забайкальский	
242500225	male	1.2	Петровск-Забайкальский	
241150955	female	2.12.1982	Забайкальск	
240435614	male	4.8.1997	Забайкальск	
239471374	male	23.8.1997	Улан-Удэ	Русский,English
239464824	male	1.5.1987	Забайкальский	
352514723	male	25.5.2000	Забайкальск	
238822980	male	11.8	Забайкальск	
237756985	male		Борзя	
270851985	male	22.1.2000	Улан-Удэ	
237442738	female	4.11	Улан-Удэ	
236902109	male	16.8	Петровск-Забайкальский	
235808277	female	23.9.1994	Улан-Удэ	
235326443	female	3.9	Санкт-Петербург	Русский,English
235087253	male	10.9.1989	Краснокаменск	
234700293	female		Петровск-Забайкальский	
233752769	female	17.2	Первомайский	
233620815	male	7.2.1999	Петровск-Забайкальский	
233512660	female	16.12.1996	Петровск-Забайкальский	
233009197	female	1.7.1996	Чита	
232637298	female	14.5.1999	Петровск-Забайкальский	
231671238	female	10.5.2000	Петровск-Забайкальский	
231269434	male		Забайкальск	
231186560	female		Омск	
230677911	male	23.3.2001	Забайкальск	Русский,日本語
230411882	female	8.9.1991	Петровск-Забайкальский	
229793108	female	6.1.1998	Петровск-Забайкальский	
229303143	male	9.8	Советская Гавань	
229276471	male	24.3.1999	Чита	
229189800	male	27.11	Чита	
229045287	female	20.6	Забайкальск	
228695261	male	17.10	Чита	
228693614	female	15.8.1991	Малета	
228161072	female	11.7.1996	Петровск-Забайкальский	
249023072	male	13.3.2001	Чита	
227775265	female	22.7	Сосновый Бор	
227639122	male	25.1.1998	Петровск-Забайкальский	Русский,English,Українська
227127242	female	8.6.1992	Vilnius	
226334023	male	22.10	Забайкальск	
291847023	male	25.10.1990	Петровск-Забайкальский	
296027023	female	27.10	Чита	
226203963	male	27.8.1990	Чита	
226026465	male	28.7.1996	Газимурский Завод	
225800410	female	14.12	Забайкальск	
272498710	male	11.10	Усолье-Сибирское	
224826315	female	9.10.1995	Чита	
241519315	female	21.1	Чита	
223679820	female	21.9	Чита	Русский,English
223618207	male	18.3	Забайкальск	
223029212	female	29.12	Зея	
366975212	female	3.11	Чита	
223023523	female	9.12.1988	Забайкальск	
222702113	female	23.5.1996	Санкт-Петербург	
239623113	male		Сретенск	
222521747	male	28.11.1985	Ижевск	
222513455	male		Иркутск	
222078685	female	7.1	Петровск-Забайкальский	
221315582	male	5.12	Чита	
220582055	female	27.11	Петровск-Забайкальский	
219956905	male	15.3.1991	Чита	
219881637	female	10.10.2001	Чита	Русский,English
219684774	male	2.12	Чита	
219222876	female	15.1	Забайкальск	
217413090	male	4.10.2000	Петровск-Забайкальский	
216678901	male	16.3.1978	Ростов-на-Дону	
216528680	male	28.5.1999	Забайкальск	
215110528	male	8.10.1993	Петровск-Забайкальский	
214646066	male	22.1.1992	Улан-Удэ	
221545066	female	25.5.1998	Чита	
214465330	female	13.8.1985	Санкт-Петербург	
213599651	female	5.1.2002	Екатеринбург	
311848651	female	13.3.2001	Красный Чикой	
213494693	female	26.1.1990	Забайкальск	
340172693	female	5.5.1991	Забайкальск	Русский,English
213383276	male	15.4	Забайкальск	
213331919	female	16.7	Чита	
213248330	male	4.6.1996	Петровск-Забайкальский	Русский,English
268271330	male	23.5.1998	Москва	
211849522	male	5.4.1997	Чита	
211832609	male	26.7.1987	Петровск-Забайкальский	
211466515	female	16.12	Петровск-Забайкальский	
211189024	female	24.5	Ангарск	
210484153	male	20.8	Петровск-Забайкальский	
210409379	male	16.6.1964	Москва	
233519379	male	22.8.1991	Москва	
208760665	male		Забайкальск	Русский,Буряад,English,中文 (繁體)
208214966	male	2.9.1999	Петровск-Забайкальский	
206839509	female		Санкт-Петербург	
206575317	female		Карымское	
206435233	female	29.9.1994	Петровск-Забайкальский	
206419722	male	17.5	Чита	
206169158	female	20.4	Забайкальск	Русский,English
206098755	female	10.3.1995	Петровск-Забайкальский	
205627500	male	13.3	Забайкальск	
278258500	female	28.12.2002	Москва	
267775133	female	6.9	Забайкальск	Русский,English
204187675	female	19.7	Петровск-Забайкальский	
203839022	female	27.1	Петровск-Забайкальский	
203710280	male	4.12.1988	Забайкальск	
203263886	male	30.1.1995	Забайкальск	
203175342	female	4.8.1956	Чита	
201864908	female		Чита	
201551047	male	1.8.1991	Петровск-Забайкальский	
259747687	male	24.7	Слюдянка	
307887687	male	11.2	Петровск-Забайкальский	Русский,English,Dangme
272774739	male	10.2	Забайкальск	
252786739	female		Петровск-Забайкальский	
200388716	female	8.4.1991	Ясная	
200369818	male	1.12.1971	Краснокаменск	Беларуская (тарашкевiца),Русский,English,Lingua Latina,Lietuvių,Polski,Українська,Нохчийн мотт,Türkçe,ქართული,العربية
199228366	female	19.10	Петровск-Забайкальский	
313442366	male	13.12.2002	Ангарск	
199067535	female	29.6.1986	Забайкальск	
198683447	female	13.4	Чита	
198580552	female	7.6.1987	Петровск-Забайкальский	
197275102	male	23.12.1992	Иркутск	
196580860	female	6.6	Улан-Удэ	
195894489	female	13.1	Чита	
195807125	male	25.2.1999	Челбасская	
195722654	female	9.10.2002	Улан-Удэ	Русский,Буряад,English
278764654	female	27.4	Улан-Удэ	
195584312	male	29.10.1994	Улан-Удэ	
195340894	female	10.11	Забайкальск	
195311297	female	2.8	Забайкальск	
194432434	female	18.1.2002	Забайкальск	
194429834	male	25.6	Новосибирск	
193873717	male	7.10.1996	Красноярск	
336496717	male	14.1.1990	Забайкальск	
193847586	male	2.5	Петровск-Забайкальский	
192962643	male	4.5	Забайкальск	
192938445	male	21.5	Петровск-Забайкальский	
192838444	male	1.9	Чита	
192435615	female	15.2.1992	Саратов	
191828569	female	17.10	Москва	
191764800	female	12.11.1994	Петровск-Забайкальский	
191676983	female	14.6	Петровск-Забайкальский	
340364983	male	21.4.2001	Закульта	
276232983	female		Петровск-Забайкальский	
351461983	female	13.9	Петровск-Забайкальский	
191676538	female	12.9	Новая Чара	
191631998	male	28.5.1999	Забайкальск	
191341422	male	30.8	Шелопугино	
189797353	female	2.9	Чита	Русский,Deutsch,English
319207353	female	29.1.1973	Тарбагатай	
189426987	male	21.6	Москва	
188414509	female	28.3	Петровск-Забайкальский	
187091056	male	24.6.1991	Чита	
337981056	female	22.3.2002	Чита	
186577825	male		Петровск-Забайкальский	Русский,English,保安语
186460237	female	22.10.1958	Улан-Удэ	
185867642	male	2.3	Хабаровск	
185696271	male	21.9	Петровск-Забайкальский	Русский,English
185475891	male	5.4	Чита	
185106826	male	25.11.1994	Петровск-Забайкальский	
184887443	female		Шерловая Гора 1-я	
184539371	female	6.7	Чита	Русский,English
182810621	male		Благовещенск	
195147621	female	24.8.1973	Ижевск	
182547838	female	4.12	Чита	Русский,English
333483838	female	3.10.1998	Петровск-Забайкальский	
182259638	male	16.10	Чита	
192546638	female	28.8	Улан-Удэ	
246390969	male	19.6.2001	Забайкальск	Русский,中文 (繁體)
181926858	female	14.2	Баляга	
181734341	male	14.4.1992	Карымское	
224512341	female	27.10	Улан-Удэ	
181623771	female	27.9.1991	Забайкальск	Русский,中文 (繁體)
181199306	male	31.10.1982	Кашира	
180905020	female	7.1.1998	Петровск-Забайкальский	
180843576	female	22.9.1988	Петровск-Забайкальский	
240291576	female	30.9.1974	Улан-Удэ	Русский,Буряад
180725152	female	23.2	Чита	
179643345	male	15.9.1984	Дульдурга	
245939345	male	20.2	Чита	English,Русский
179547081	female	17.1	Улан-Удэ	
316012081	male		Петровск-Забайкальский	
179542599	male	30.1.1973	Ростов-на-Дону	Русский,Монгол,English,Español,日本語
179169841	female	20.2.2000	Забайкальск	
178305005	male	9.7.1995	Москва	
235150005	female		Смоленск	
176679411	female	30.11.1971	Балей	
175860481	male	12.11	Сретенск	
175361343	female	6.12	Забайкальск	Русский,O‘zbek,English,汉语
175042802	female	6.3	Петровск-Забайкальский	
174661931	female	3.9.1951	Новосибирск	
247367931	female	24.4.1999	Петровск-Забайкальский	
220058931	female		Чита	
174159124	female	27.10	Петровск-Забайкальский	
172850695	male	12.6.1992	Чита	
172713235	male	23.7.1995	Рязань	Русский,English,Lingua Latina
172638350	male	22.3.1971	Ейск	
171318336	male	30.10.2001	Чита	
271631336	female	8.11	Чита	
275835336	female	28.7.2002	Невинномысск	
171273668	male	14.3	Петровск-Забайкальский	Русский,English
171252797	male	11.7.1991	Томск	
296885797	female	21.6.1983	Петровск-Забайкальский	
170409842	female	25.12.1997	Тарбагатай	
170154929	male	18.10	Чита	
276449929	male	15.9	Улан-Удэ	
168754034	male	12.10	Чита	
168011147	male		Забайкальск	
167883974	male		Пермь	
167502235	female	16.11	Петровск-Забайкальский	
167485417	male	18.9.2000	Хабаровск	
167062399	female	15.11.1987	Забайкальск	
166687150	male	3.10.2000	Петровск-Забайкальский	
166214172	male		Агинское	
345733172	female	3.11	Петровск-Забайкальский	
297228134	male	11.9.1998	Петровск-Забайкальский	
288769134	male	30.10	Забайкальск	
165691215	female	16.4	Чита	
235082215	female	23.11	Забайкальск	
172922011	male	24.4.1993	Чита	
165554375	male	11.9	Забайкальск	
165432419	male	10.9.1991	Токчин	
165226022	male		Забайкальск	
164638202	male	16.1	Красный Чикой	
163903878	female	21.3.1999	Иркутск	
163294291	male	12.4	Краснокаменск	
163257773	female	31.1.1979	Петровск-Забайкальский	
162135627	male	29.9	Забайкальск	
162123029	female	11.4.1999	Петровск-Забайкальский	Русский,Беларуская,Français,Deutsch
161920888	male	8.12.1995	Ростов-на-Дону	Русский,English,Français
161839186	female	13.3.2002	Чита	
161205710	male	19.10.2001	Петровск-Забайкальский	Русский,Тоҷикӣ,English
161039085	female	13.10.1997	Хохотуй	
160743826	female	6.11.1958	Забайкальск	Русский,English
160735180	female	19.6	Забайкальский	
